850297,Shawna,119090,Las Vegas
304721,Nathaniel,117991,Irons
412317,Elisabeth,161045,Lexington
621375,Briana,142616,Munster
787549,Estella,135706,Fairbanks
520092,Lamont,173027,Purcellville
795934,Melinda,41287,Stowell
159108,Shanna,85833,Herndon
330816,Jasmine,154216,Ocoee
532002,Madge,133003,Springfield
612850,Bethany,154836,Montgomery
483751,Reid,124757,Pacoima
252938,Antoine,58733,Canby
966375,Mathew,75584,Van Nuys
707520,Bernardo,118693,Knoxville
673049,Cole,98381,Oklahoma City
265124,Tonia,102274,Friant
300693,Tod,91719,Patuxent River
369712,Yesenia,150016,Reisterstown
913253,Carey,125232,New Baltimore
308617,Aileen,179264,Herman
766783,Marta,68134,Hoquiam
959506,Arthur,118621,Dodson
513011,Tara,85864,Sheldon
290808,Josef,98030,Sacramento
253588,Keri,149842,Friendship
865628,Desmond,79476,Fresno
583924,Adrienne,105366,Burlingame
932453,Beatriz,53311,Arlee
432168,Jermaine,122631,Welaka
463784,Scott,45210,Bairoil
721098,Isabel,115858,Tupelo
392678,Marcelino,178750,Little Rock
880704,Benjamin,115574,Shungnak
186102,Marcia,118607,Victoria
350367,Rudolph,98990,Shinnston
893976,Beverly,139394,Rossville
542826,Marcus,63525,Bellerose
590579,Priscilla,185105,Fairview
297741,Lynn,48443,Castleton
458320,Tessa,44198,Austinville
297059,Rufus,169620,Adams Basin
874971,Roman,125299,Lampeter
136626,Carmela,132431,Keystone Heights
865495,Thurman,118525,Eddyville
415161,Lemuel,127772,Listie
279563,Clint,67442,Blue Island
201710,Karyn,96197,Ardenvoir
722543,Lesa,96641,Terre Haute
909337,Rich,145181,Maysville
601071,Liz,199943,Amherst
269523,Kendra,144517,Beaman
310986,Maryellen,94221,Tuckerman
323914,German,84824,Lakeview
928739,Micheal,143864,Arlington
238992,Carlo,104197,Liverpool
434046,Bianca,80844,Escatawpa
971444,Elias,87962,Oaks
602683,Alberta,125428,Rochester
145327,Erin,66575,Farmington
597202,Frederic,192498,Seligman
168824,Tanner,116635,Michigan City
616665,Clarence,108511,Macon
396135,German,110021,Matthews
966525,Dion,124074,Plainfield
362287,Cornelius,176165,High Point
798646,Patsy,87146,Atlanta
451972,Waldo,62435,Wooton
993675,Damien,161871,Five Forks
807964,Curt,97656,Monticello
769123,Brenton,98023,Green Camp
395792,Miguel,103749,Kingfisher
929791,Esperanza,176095,Lexington
141326,Patricia,160494,Easton
232794,Forrest,112988,Lee
946835,Marjorie,128425,Baldwin City
894936,Vivian,93355,Hampden Sydney
946630,Duncan,154843,West Palm Beach
381338,Miriam,131543,Brady
141178,Adam,107957,Potlatch
169763,Benjamin,89172,Tribune
326358,Neil,84151,Milton
185077,Nichole,153345,Bangor
901185,Jonathon,173372,Silver Spring
264960,Brent,180468,Adamsville
248449,Carlene,107647,Houston
906870,Arnulfo,190709,Auburn
160503,Nickolas,97725,Hanna
212917,Raymundo,178073,Toast
337955,Jeremiah,42840,Shauck
171553,Tanner,161106,Anchorage
433510,Dorian,98604,Canebrake
970502,Nora,159223,Woolstock
668717,Danial,188022,Joyce
479832,Nelson,139662,Glen Saint Mary
273645,Manuel,80629,Peabody
266284,Dominic,180062,Sumner
332802,Lowell,104764,Potter
166615,Jayne,171662,Norfolk
953967,Cornell,197951,Woodhaven
114425,Doris,188137,Blaine
676618,Tabatha,160421,Steelville
581563,Jerome,125044,Cobalt
925484,Elton,176750,Lombard
328562,Stacy,134904,Enterprise
759248,Rory,70626,Templeton
158543,Greg,62904,Turners Station
275491,Julian,117739,Lisbon Center
257927,Agnes,128225,Sugar City
144114,Nancy,41796,Cypress
262843,Tyrone,175995,Driftwood
963676,Bradley,58663,Portland
745672,Emile,144867,Mears
135089,Zachary,193629,Fairbanks
593953,Tara,115223,Zephyrhills
169348,Aubrey,56797,Osprey
976096,Carroll,103003,Saint Martin
790389,Claudette,181603,Omaha
143898,Ricky,124155,Mount Hope
749765,Brian,151448,Orlando
877422,Nicholas,134715,Pomona
825343,Eileen,139476,Oshkosh
155570,Colin,131510,Conroe
587361,Rosario,46453,Chattahoochee
191240,Salvador,98487,Huddy
404070,Aldo,61791,Linton
192175,Bret,163665,Vassar
825853,Dominic,112683,Vancouver
430843,Karina,91713,Centerville
597805,Marquis,186371,Manchester
651120,Damon,157154,Stacy
995242,Leonel,190537,Isaban
839558,Teddy,43192,Timblin
398788,Alexandria,136817,Cooksville
166790,Margaret,131166,Plant City
581261,Willis,192446,Freeman
793523,Donovan,145629,Monroe
178602,Kristina,185016,Merced
346662,Garth,80047,Phyllis
817037,Martin,105374,Centre
648913,Irwin,48133,Traverse City
924281,Reynaldo,153633,Jamaica
951857,Sherri,65798,Saint Louis
474759,Johnny,193315,Irwinville
144715,Earnest,168726,Masardis
141086,Bernardo,118615,Hollywood
633255,Yvette,190579,Orviston
768457,Robby,119793,Metaline
583282,Carolina,166828,Sanford
421955,Sonia,191691,Pearisburg
556491,Larry,129203,Pliny
701223,Esmeralda,190367,Shullsburg
122005,Candy,175771,Wetumpka
461385,Emma,182870,Briggsville
249180,Scot,141641,Pocahontas
634658,Rolland,75123,Jackson
842752,Tommie,155291,Wedowee
513773,Jessie,102944,Clearwater
781472,Isiah,45519,Heber City
747200,Janelle,131182,Falls Church
932425,Christoper,84029,Speaks
962851,Kathie,65985,Santa Teresa
168829,Antonia,148623,Fort Lauderdale
603575,Ophelia,45192,Scottsdale
419075,Hallie,192037,Se Ree
224473,Adriana,71847,Gordon
552582,Jana,141390,Athens
724235,Quentin,75837,Chippewa Falls
908007,Debra,113267,Kossuth
871610,Kenton,148664,Highland Park
491595,Ian,109416,Huntsville
821474,Jasper,96328,Greeley
206783,Brock,158082,Gary
870463,Salvador,55351,Riverdale
809491,Terence,145954,Montevallo
924427,Dario,116911,Torrance
505780,Ester,65748,Arendtsville
149904,Leanne,144108,Brookton
886315,Valentin,164411,Kingston
948512,Jared,47359,Dewittville
780963,Jami,196942,Country Club Hills
282037,Bruno,182912,Killen
505758,Garland,70852,Kopperl
487100,Augustus,139481,Napoleon
974444,Luther,46241,Winthrop Harbor
829416,Jimmy,138022,Biloxi
146825,Morton,136498,Kenton
603179,Andrew,189614,Ohio City
175035,Ava,154633,Fort Payne
358935,Anastasia,196480,Garrett Park
608832,Sabrina,130226,Duncan
509911,Kirsten,61126,Saint Louis
354363,Tabatha,62009,Bagdad
344607,Gregg,188608,Dartmouth
191963,Deanne,91068,Clarinda
695631,Juanita,86919,Seward
547420,Doug,139670,Doe Hill
403674,Billy,170510,Rhodelia
988937,Boyd,180715,Mount Hamilton
937737,Roberto,71924,Peoria
144235,Kris,102819,Ballouville
866051,Leann,86569,Neelyton
287787,Joaquin,96012,Barren Springs
316579,Leanne,95604,Cordova
625981,Jay,123069,Oxford
232661,Luz,111953,Charleston
863522,Dudley,121461,Keokee
118236,Monroe,74452,Norwood
412201,Dina,60935,Monticello
855988,Christian,75109,Sand Lake
158689,Lucile,141720,Cabot
737292,Luciano,164496,Little Rock
596917,Ahmad,178345,North Judson
620634,Janna,40265,Madison
130591,Kendrick,134103,Nashua
579618,Demetrius,83790,Chantilly
240295,Ken,131126,Jefferson City
846100,Earl,129931,Niagara Falls
431841,Taylor,61082,Sentinel
520702,Clarissa,74924,Melbourne
771425,Lewis,81514,Hope
189557,Claudine,67398,Farrandsville
702034,Mitzi,122784,Jamesville
586207,Michel,147516,Mascotte
835545,Janie,90653,Venango
326407,Sophie,199238,Mears
414967,Bette,89490,Mc Elhattan
410300,Dena,160716,Otter
252371,Dante,191093,Hannah
297502,Angelina,157805,Hazard
725857,Shannon,114142,Durham
805103,Ron,105706,Galion
641096,Kerry,179286,Oklahoma City
856369,Dominick,123733,Spring Green
318571,Emory,144834,Milford
219020,Lana,108199,Beaufort
934285,Jeremy,88094,Big Spring
149763,Dudley,48438,Essex Fells
363951,Frances,177320,Merritt
306185,Percy,150940,Hasse
225090,Alfredo,59287,Clover
287114,Joanna,196619,Audubon
811489,Susanna,67505,Springdale
162573,Ola,156203,Dayton
836699,Louella,96037,Phoenix
798859,Deirdre,128752,Indianapolis
458765,Kristina,183956,Moorpark
562109,Stacy,108295,Peoria
947334,Frankie,175424,Red Oak
316995,Pauline,123599,Niotaze
798671,Adolph,180393,Durham
415004,Rosa,56054,Appleton
770810,Craig,80934,Sand Creek
255640,Stanley,80699,Jolo
311079,Morgan,48192,Hartline
559421,Reba,155351,Columbia
959306,Shana,74961,Edward
713805,Adam,62876,Ohatchee
532285,Leann,88889,Woodbridge
664249,Floyd,111583,Farwell
339483,Scott,171304,Rockford
155956,Sterling,78732,Saint Anne
791119,Damon,126670,Onego
798553,Mauricio,102183,Lawrence
981925,Ebony,87666,Otego
648118,Bobbie,65153,Park Valley
278391,Jami,40883,Max
556573,Aisha,139115,Montezuma
159472,Moses,198160,Orlando
871770,Monique,69805,Cardington
338556,Domingo,178530,Littlefield
182719,Tammy,111372,Dongola
305556,Federico,125802,Hart
915507,Kory,153636,Buies Creek
761381,Nichole,46766,Wichita
141022,Rodger,187480,Sacramento
528086,Bruce,95018,Detroit
177821,Derick,173372,Mc Veytown
740281,Lorna,85410,Scranton
906797,Rico,137995,Mineral City
790008,Luann,84136,Phoenix
825433,Tara,84023,Glenmoore
941759,Shaun,119430,Kansas City
313864,Debbie,138006,Littleton
978745,May,137894,Leslie
807182,Adeline,121383,Niota
463743,Guy,91453,Castle Rock
901775,Opal,169631,South Ryegate
197867,Robbie,79934,Pascagoula
423470,Ella,64521,Norvelt
238361,Derrick,194264,Ossian
596366,Maura,104520,Fairfield
725424,Roderick,65304,Encampment
229037,Gwen,138294,Marathon
434723,Melanie,83300,La Puente
501422,Micah,146356,Lyoth
638943,Buford,52960,Success
935745,Kyle,195833,Tebbetts
750581,Jocelyn,49158,Merritt Island
468128,Larry,193352,San Augustine
884877,Wilbur,118264,West Copake
870904,Maxine,61056,Hogansburg
926224,Kathleen,150091,Somerset
220061,Norbert,40749,Schuyler
125823,Chadwick,165482,Lattimer Mines
768943,Connie,71160,Casselberry
591698,Bobbie,184505,Jamaica
700418,Lesley,103327,Nuevo
476635,Victoria,160288,Toledo
785299,Marc,59123,East Hickory
225139,Elias,183466,Mayking
308125,Flossie,97890,Nezperce
129426,Lana,82263,Shawnee Mission
399192,Nick,136207,Glen Ellyn
555551,Nona,143194,Odessa
245059,Abdul,165777,Alexandria
423008,Inez,77392,Sierra Madre
316407,Raquel,74449,Pine Island
410027,Sean,117566,Corona
307715,Fred,115356,North Palm Springs
690117,Sylvester,170570,Sarasota
149844,Berta,169176,Holbrook
116530,Noelle,190616,Crocker
234429,Chrystal,144528,Norristown
437970,Reggie,178094,Woodward
766745,Joanne,61487,Cincinnati
684446,Bryon,169032,Platina
385932,Noreen,163224,Fisty
862150,Mathew,140169,Millville
635915,Herminia,160770,Reidsville
540696,Luke,114661,Harned
870351,Ronny,115908,Thompson
360498,Jeannine,153407,Bingham
397164,Silvia,67189,Fort Worth
488068,Margo,117004,Crouseville
890432,Kimberly,184073,Carter
935890,Jodie,83325,Miston
541867,Lorrie,74192,San Bernardino
885774,Miles,105720,Indianapolis
979649,Jamar,68745,Wilmington
599012,Amber,116847,Darien
204626,Sterling,151009,Burton
830006,Enid,183123,Brick
127205,Annmarie,72981,Smithville
215589,Molly,74803,Fairwater
621606,Rogelio,85147,Vici
223379,Mathew,196685,Ramona
236366,Lewis,144369,Lexington
798043,Claudette,44430,Albany
811092,Tracie,144899,The Villages
288820,Eric,151530,Lafayette
138351,Nestor,77526,Warsaw
130501,Mitzi,91870,Rockland
587373,Lillian,181837,Clipper Mills
750124,Barry,182944,Donaldson
495105,Coleen,76605,Holmes
282678,Marci,174673,Bowling Green
241302,Monty,53313,Sedley
790290,Norris,88865,Georgetown
924304,Elvira,77787,Louisville
234880,Keven,94291,Philadelphia
443072,Rosendo,84964,Ripley
232070,Carly,182390,Oakland
902132,Colleen,71784,Jacksonville
280781,Ollie,128589,Gillett
589440,Hilario,133205,Ridge
940754,Nadine,104269,Los Molinos
888277,Wm,146342,Unionville
430202,Minnie,104332,Swanton
928723,Angela,127733,Middletown Springs
449164,Lillian,75411,Claunch
117603,Bob,88733,North Collins
811884,Edwin,109695,Crivitz
463579,Bernardo,174027,Atlanta
915993,William,109382,Longdale
836259,Vance,148267,Independence
520719,Edmund,126758,Hillsboro
409341,Imogene,55845,Hayesville
528576,Darin,64901,Avon
315565,Loretta,78780,Nerinx
242740,Olive,184008,Alba
763459,Gino,57731,Coosawatchie
239010,Fred,58345,Pleasant Grove
865905,Nelson,141143,Fort Smith
657908,Joyce,68835,Murray
652723,Juliana,67506,Saint Louis
944699,Norris,116248,Erving
517283,Tom,65753,Deridder
176214,Josephine,40040,Reynoldsburg
680485,Les,158773,Tacoma
891142,Jaime,187800,Verona
810984,Marissa,135046,Atlanta
896022,Lavern,140328,Richmond
162773,Evangeline,93417,Cedar City
408036,Brandy,197345,Watford City
591248,Molly,65981,Russell Springs
562393,Gale,188811,Killdeer
808843,Merlin,144104,Fawn Grove
645393,Nelson,136885,California
685818,Jackson,172555,Jackson
747647,Trisha,133504,Niverville
846178,Lilia,196782,Aromas
754091,Kimberly,198580,Kenesaw
808727,Luciano,168292,Geneseo
143029,Danny,123832,Bluffton
923271,Wilfredo,173178,Randall
621988,Callie,147243,Ocate
240842,Rachelle,88748,El Paso
517038,Bobbi,143127,Keystone
456842,Kris,173303,Leeton
276700,Marissa,172845,Davenport
510431,Jamar,134013,Texola
451543,Nelda,161123,Columbus
423508,Carolina,177947,Newark
399486,Terri,183013,Copper City
295933,Nestor,71204,Clarksville
855670,Adrian,166464,Glen Spey
151449,Kyle,111183,Pine
394700,Domingo,95530,Milwaukee
328740,Leonardo,116972,Macon
924134,Hubert,79197,Rush
556518,Kory,102865,Leeds
237003,Tami,170836,Dayton
518193,Amanda,100000,Agua Dulce
540019,Stephen,183279,Jersey City
489463,Johnie,151127,Stanardsville
763039,Rebekah,104526,Glen Haven
854365,Kelly,103499,Penwell
233110,Tracie,159071,North Bergen
416483,Bennett,144885,Winston Salem
629763,Vernon,79853,Hallstead
755278,Theron,187715,Orange
471560,Ernie,75839,Durham
988676,Shawn,86337,Manhattan Beach
606109,Enrique,100224,Binger
414129,Ernie,152421,Higgins
286890,Carolyn,144259,Eben Junction
944811,Margie,193461,Port Washington
975770,Keven,161705,Atkins
590955,Bruce,139425,Ida
565658,Kristen,188910,Smyrna
569664,Howard,82516,Elmer
939970,Merle,145515,Maple Plain
848744,Hector,155065,Easton
452230,Darnell,120778,New York City
930129,Janelle,70544,Atqasuk
909139,Eula,70531,Slemp
678436,Theresa,112711,Sonnette
196011,Kimberley,129756,Excelsior Springs
666886,Angelita,117868,West Bloomfield
572348,Selma,65787,Union City
846144,Edna,75261,Washington
665326,Dewayne,117143,Kansas City
119399,Gale,90590,Easton
744539,Cora,62973,Colorado Springs
518154,Annmarie,57649,Bronx
416872,Owen,128144,Joplin
339806,Chrystal,63095,Wellesley Island
991522,Thurman,168935,Oakville
830373,Darnell,189337,Somers
987377,Raymundo,184370,Sargeant
551251,Frederick,180550,Tisch Mills
143864,Natalie,118172,Washington
679990,Thad,116818,Baxter
851939,Belinda,156339,Killduff
272885,Rosanna,81401,Wolf Creek
588553,Wilda,45345,Sebago
739367,Alyssa,46119,Saltville
271247,Liz,155974,Los Angeles
778200,Mariano,119877,Ellamore
338449,Forest,177768,Fargo
581042,Gino,65297,Earlysville
138800,Jarred,169107,Natural Bridge
553362,Preston,68488,Gideon
435055,Clinton,87911,Ortonville
469392,Dana,146938,Sand Point
161467,Odell,47971,Twin Lakes
755543,Tameka,100525,Glyndon
129077,Dominique,65901,Lynndyl
707856,Abraham,190663,Krypton
817818,Augustus,183713,Yakima
226811,Rene,52560,Buckner
283199,Christian,132022,Canton
319493,Major,105620,Salters
205347,Frieda,138878,Allentown
508019,Rachael,166948,Houston
774862,Bernadine,49212,Lexington
394200,Deanna,92993,Milwaukee
887692,Joseph,199923,Camden
408248,Antwan,114321,San Bernardino
787931,Harrison,175569,Kansas City
547050,Dylan,168495,Washington Navy Yard
964084,Winston,89708,Napoleonville
574256,Serena,136097,Curtis Bay
215473,Maryann,116843,Chunky
932175,Roxie,44868,Piney Fork
472119,Sonny,120002,Cincinnati
282137,Eduardo,146973,Pelican Lake
395867,Marietta,138943,Prescott
923329,Nettie,174389,Columbus
901654,Sandy,143979,Franklin
673438,Christopher,157427,Belvidere
626693,Felicia,60433,Lee Mont
683325,Tyler,111364,Hattiesburg
486465,Arline,148717,Donovan
213493,Margo,96218,Madison
234177,Kareem,105034,Niagara Falls
289041,Nanette,114631,Terra Bella
384810,Myra,87704,Shepherdsville
149750,Luther,152889,Cuthbert
864858,Ramon,194123,Sterling
856418,Sallie,70060,Covington
415537,Shirley,73333,Garden Grove
414557,Corey,40261,Syracuse
999475,Carrie,79233,Doddridge
554345,Ofelia,53050,Taftville
349751,Shelton,129402,Klemme
194598,Carlene,56938,Siasconset
466860,Earline,154554,Lykens
618554,Kitty,131033,Portland
535812,Lavonne,143616,Westhoff
500345,Reyna,109805,Alliance
735598,Preston,69430,Rudyard
921061,Isaac,45973,Lynbrook
968785,Noe,180086,Solon Mills
735499,Callie,56526,New York City
983480,Elliott,100866,Atlanta
206279,Georgina,56863,Uniontown
582100,Frances,191830,Little Ferry
821988,Marc,88052,Robert Lee
611384,Nathaniel,166017,Covel
993792,Colby,62228,Midland
316999,Dee,93272,Denham
880526,Willie,191109,Desoto
201612,Alison,154700,Monetta
481137,Gena,42626,Alix
191985,Tammy,192743,Ottoville
244500,Shirley,130706,Martha
920668,Joanna,141884,Adrian
335470,Amber,63144,Walpole
150036,Lourdes,64976,Catalina
251640,Kim,112635,Baxter
588702,Haley,160196,Eagar
707453,Rory,155903,Kona
239168,Kathrine,183618,Port Bolivar
146790,Lou,45969,Sheyenne
637843,Karla,172421,Bozeman
689587,Ava,82550,Fairbanks
126316,Roseann,73715,Rochford
318026,Elizabeth,125562,Dabneys
848311,Flora,83996,Aurora
774548,Shannon,96768,North Pole
611233,James,184223,Wilder
421652,Craig,174547,Rockford
528969,Celina,115518,Wetmore
202408,Jimmie,146772,Toppenish
918148,Faye,120502,Marion
396091,Gena,146840,Garden City
808996,Deandre,95240,South Waterford
752301,Garland,77803,Kingston
654102,Jerrod,116822,Columbus
809104,Alexis,189640,Fort Worth
929548,Deidre,71568,Sykesville
978535,Fred,194639,San Antonio
211729,Effie,148855,Chicora
760573,Juliette,105923,Chancellor
979873,Susan,165568,Boalsburg
446702,Richie,104084,Floriston
505362,Winston,46181,Rural Retreat
451940,Sammy,136951,Seminole
411196,Gracie,143460,Millers Creek
636457,Manuel,157479,Cyclone
262702,Roberto,124788,Liscomb
422323,Wilma,184765,Elk Creek
328389,Roderick,149121,West Townsend
733184,Mayra,53190,San Diego
649821,Andres,99567,Edwards
117956,Quentin,194686,Donaldson
670526,Adrian,196585,Hartford
752997,Lelia,199120,Millersburg
340599,Tad,116817,North Port
239415,Pansy,97818,Hershey
280326,Agustin,182540,Chattanooga
445516,Riley,75199,El Paso
586177,Bernard,66743,Kiowa
866614,Lonnie,113546,Missouri City
751376,Courtney,98833,Elliston
196645,Eliza,155891,Worcester
728839,Jody,55958,Rineyville
694921,Pam,132035,Stockton
719798,Trevor,124965,Clifton
375797,Tamara,192689,Essington
160350,Bonita,119978,Kennett Square
937931,Raphael,96734,Elm City
155916,Rosanne,120595,White Lake
905335,Ola,96619,Redlands
502509,Genevieve,135726,Ora
563580,Lamont,106870,Cassville
433698,Margie,118038,Corpus Christi
163351,Terrell,60737,Crouseville
898816,Edna,94034,Calimesa
641368,Lindsey,79954,Winston Salem
177982,Lorrie,54762,Montara
330889,Denver,82632,Merrill
639474,Daisy,92138,Lutz
911800,Esperanza,94276,Ruffin
222807,Janice,185898,Bladensburg
516945,Helene,166924,Hunter
230829,Rosario,46179,Garcia
133610,Teresa,131410,Allenhurst
791967,Janna,96725,Durham
772354,Erika,87760,Walkersville
909265,Mohamed,83708,Dallas
208763,Mohammad,178707,Spur
679572,Felipe,155186,Chetopa
992569,Rusty,151325,Ferris
821754,Kirsten,176179,Joyce
751897,Mercedes,51802,Fall River Mills
208375,Kenya,124374,House Springs
931551,Laurence,78330,Norvelt
317525,Shirley,131453,Scandia
993099,Ricky,57113,Hector
854776,Jerry,55042,Knoxville
437878,Melva,166520,Represa
350842,Josef,106297,Creola
125134,Ellen,94337,Hurt
651597,Lydia,98099,Crystal
801970,Becky,93169,Bloomington
217117,Edna,198888,Allen Park
539548,Yong,78951,Holland
479754,Shannon,197109,Glenville
992197,Benny,157586,Gold Hill
844571,Rhea,81301,Rock Rapids
618339,Tracy,84715,Numidia
804360,Wilburn,140792,Brussels
335435,Frank,163607,Burbank
308129,Barton,112027,Miami
192292,Max,46171,Preston
410844,Eliseo,135526,Wind Gap
530958,Lynne,102102,South Colby
232194,Maude,88456,Westfield
888196,Kathryn,141141,West Chesterfield
696612,Dan,137843,Benoit
775434,Tanisha,73471,Osgood
860093,Kitty,119388,Flagstaff
476072,Kent,93228,Nitro
407160,Ashlee,186933,Corpus Christi
221262,Felecia,90146,Woodland
790187,Horace,97528,Jim Falls
771945,Rickie,114318,Mc Lean
372188,Maria,137142,Karns City
657125,Michael,79089,Cleveland
489761,Paula,171987,Los Angeles
651738,Rick,127075,Spartanburg
463929,Ramiro,70471,Newton Center
521878,Benny,84296,Burke
697802,Beryl,140782,Rockford
842936,Bernice,147448,Shawnee Mission
333260,Bud,109080,Trevorton
696218,Anita,189291,Sutherlin
161109,Kareem,163337,Washington
938475,Curtis,67164,Kingsford Heights
368041,Tamika,107782,Milwaukee
738794,Carmelo,159630,Dallas
703738,Rebecca,72982,Asbury
188409,Pearlie,116234,Hampton
206997,Donovan,186548,Jackson
677871,Robt,85402,Moscow
963113,Lacy,169456,Jackson
291577,Rosemary,85449,Scarsdale
142501,Lon,183005,Hyattsville
358556,Grace,103726,Radisson
126137,Felix,131397,Bejou
409492,Beatriz,188881,Tiger
967793,Louisa,104936,Short Creek
790017,Aubrey,161252,Summerville
998638,Reyna,48857,Peridot
402452,Rusty,46383,Churchs Ferry
490868,Houston,142782,Teterboro
381597,Edwardo,136662,East Homer
852587,Clifton,55791,Washington
732315,Amparo,106090,Oceanside
937260,Martha,82136,San Juan Capistrano
290034,Charmaine,163170,Choudrant
273325,Jayne,162559,Salineville
809726,Bryce,66919,Cerro Gordo
575035,Beatrice,196252,Louisville
211129,Alphonse,191018,Portland
673451,Rae,128429,Saint Louis
230226,Dona,61066,Shanks
673126,David,98537,Pickerington
615857,Clara,69981,Minneapolis
251151,Harlan,174076,Salinas
232585,Wanda,116510,Albany
237448,Keri,195057,Hamshire
764254,Wilfred,151869,East Dennis
837427,Lynn,134078,Neoga
934912,Faye,139511,Rome City
747004,Bennie,137031,Luther
497086,Scotty,173017,Austin
743314,Grady,89423,South Carrollton
570767,Eula,97109,Holstein
445556,Nita,193337,Laporte
471961,Zachery,96795,Fort Madison
273769,Scot,80002,Watsontown
280832,Mia,79628,Show Low
411066,Hung,103007,Sanford
843879,Genevieve,196104,Greenfield
352677,Alec,177116,Kings Beach
237902,Pasquale,83170,Reform
180696,Sheri,47731,Cedar Rapids
168016,Mauro,55874,Charlotte
481176,Cristina,115968,Virginia Beach
438561,Raul,152121,Veradale
709146,Amparo,64356,Pierce City
746945,Efrain,175570,Saint Louis
473773,Stacey,88171,Thorp
828174,Leon,81646,Meadowlands
438094,Vonda,137384,Oakland
866744,Jorge,91684,Wilmar
638900,Brandy,134242,Sunnyside
759226,Lakeisha,120192,Vanderbilt Beach
476750,Ernestine,171471,Wayside
588664,Julius,60243,Meigs
403910,Naomi,56103,Greensboro
449655,Sydney,111989,Bray
226863,Clifton,163933,New York City
651910,Consuelo,59303,Fortville
717861,Aldo,169588,Chemung
885624,Deidre,119545,Napoleon
341048,Maura,97239,Columbus
709748,Claudine,111452,Nottawa
454287,Silvia,176930,Islip Terrace
390973,Gilda,126153,Indianapolis
570009,Mai,191519,Beatty
454506,Cecilia,166310,Fort Wainwright
147313,Wilburn,159272,North Turner
307771,Delbert,98383,Palm Desert
498653,Vincent,77053,Charlotte
964798,Orlando,183026,Burlington
616656,Isiah,169164,Crompond
232425,Jeanine,88590,Greensboro
504422,Damien,86783,Gideon
941632,Fern,92781,New Meadows
925954,Katy,183060,Westby
585128,Nikki,57409,Suitland
271180,Norris,188804,Natrona
277858,Reinaldo,121290,Regent
118882,Eddie,93822,Four Oaks
957082,Denise,56255,Springfield
191995,Sasha,78867,Manassas
294276,Josh,191297,Whalan
955260,Rodger,63217,Pico Rivera
457714,Miles,129827,Denver
327467,Erin,112881,Dushore
642418,Rosalind,165075,Morris
536053,Lenard,114421,Lawson
950796,Wilson,98600,Wilmington
475176,Harley,199411,Antigo
873985,Carrie,126933,Oketo
706151,Esteban,84511,Fresno
734991,Merle,181338,White House
461350,Joanna,172175,Cullman
454745,Cyrus,65708,Charles City
901588,Mariana,96974,Paisley
891083,Fletcher,57579,Wilmer
654747,Edwin,42553,Austin
778415,Noreen,77269,Iota
996768,Ollie,114205,Melrose
295864,Cleveland,50146,Spring Hill
924999,Arron,132077,Cleveland
291663,Elijah,127017,Grand Lake Stream
818352,Allie,170000,Claremont
636018,Janie,107644,Enid
712045,Shelia,124937,Central
507999,Aida,172384,Lovingston
770255,Lora,162065,Fort Lauderdale
977573,Fritz,106956,Charleston
206695,Natalie,80478,South Bend
688327,Eliseo,165331,Duluth
903098,Philip,164512,Pleasant Valley
557561,Kay,195749,Sahuarita
864516,Liliana,45702,Pittsburgh
743727,Elise,94854,Bern
205865,Tabitha,140358,Terrell
909024,Barney,54968,Dalton
808609,Myrtle,187768,Anderson
804895,Frederick,69477,Edwardsville
564246,Debora,174027,Cross Fork
208230,Merlin,121345,Hambleton
232387,Celia,166489,Apple Grove
124923,Tina,119758,Beulah
274518,Kelsey,103848,New York City
288568,Danny,129888,Warminster
802355,Dena,146837,Cincinnati
648744,Edmund,40783,Pittsburg
224106,Hershel,154559,Yeagertown
543320,Lawanda,96388,Garrard
838662,Sophia,91439,Midland City
138130,Lauren,74674,Reserve
516579,Guy,169802,Charlotte
939556,Kurt,59917,Ellendale
495659,Mallory,53077,Fort Wayne
630030,Louisa,193080,Big Bend National Park
874431,Diego,164626,Catawba
809793,Louisa,185330,Whittier
942454,Josue,187192,Coralville
228229,Ines,59681,West Palm Beach
375190,Lance,117985,Lamar
532560,Belinda,105760,New Bern
210135,Gracie,164379,Green Bay
228355,Benito,152692,Grand View
965308,Lucinda,125241,Bedford
768500,Jami,65123,Glenhayes
816768,David,62888,Wells
909541,Clement,47356,Marmora
529604,Shane,110662,Leo
140932,Clint,180618,Northport
725731,Ofelia,181131,Sugartown
214985,Karina,98449,Osborn
405156,Sam,59921,Mira
249736,Lina,65222,Kent
526273,Myles,90170,Irwin
654723,Clay,122778,Edgerton
672964,Catalina,132600,Wales
240799,Nannie,90196,Mountain Home
169618,Donovan,126226,South Dartmouth
430633,Sondra,41680,Harveyville
116286,Terrance,174683,Junction City
486573,Colleen,127580,Pingree
371751,Thad,43176,Tinley Park
783654,Terence,83525,Tacoma
845635,Bettie,71063,Peoria
266624,Boyd,92696,Neely
682855,Corey,105054,Patriot
229899,Violet,66212,Tionesta
701561,Camille,138040,Sun City
114862,Nicole,46648,Garland
445650,Joan,138548,Columbia
574544,Kennith,159674,Appomattox
990758,Mae,115818,Scotland
833424,Denver,178822,Shortt Gap
864834,Milford,65505,Garden Valley
703495,Marva,88373,Hoffman Estates
222179,Betsy,121009,Roswell
951011,Celeste,189382,Andover
187639,Tonya,155427,Ravenna
375051,Deana,133805,Carlsbad
509810,Susanne,199131,Ladoga
625661,Cole,151776,Harrisburg
662168,Marlon,197971,Dallas City
678244,Trudy,96992,Currie
864339,Tania,77106,Lehigh Acres
436424,Leonel,135232,Zephyrhills
606834,Nadia,155452,Tiplersville
268942,Cody,60994,Bloomfield Hills
484822,Megan,75765,Bunkie
397241,Darla,187262,Flushing
924252,Cecile,55341,Freedom
717079,Helene,73397,Manhattan
494794,Vernon,142346,Meers
970841,Marva,196155,Bellaire
281794,Yvette,82765,Highlandville
520539,Derick,188821,Cincinnati
567269,Fay,42988,Tioga
749292,Deanna,113482,Saginaw
292144,Augusta,73007,Maryland Heights
896825,Erna,71415,Talladega
216408,Luther,75243,Reynoldsburg
579003,Curtis,56599,Houston
249410,Yvette,164007,Canton Center
241389,Walter,77362,Gainesville
311405,Christa,60566,Bruce
796832,Milton,131141,Cropseyville
976347,Kimberly,48858,Farlington
363748,Lemuel,137375,Grandview
368157,Marcie,136817,Monticello
466203,Bart,133522,Woodworth
893798,Patrice,188317,Shafter
501368,Xavier,119198,New York City
507594,Lidia,150763,Litchfield
390989,Essie,93441,Harrisburg
312364,Sondra,183288,Boonville
444670,Monte,70105,Wallula
969572,Ernesto,50579,Hume
129405,Ismael,56375,Mont Vernon
612960,Elijah,67336,Waco
328690,Leigh,179405,Cedarburg
960091,Genaro,158345,Dyer
563448,Lucy,66085,Gaston
982922,Bernadette,199184,Pinellas Park
646972,Lee,140934,Dallas
387407,Damian,42547,Rochester
468347,Dusty,187112,Paterson
707678,Katina,75205,Arlington
709899,Clair,155562,Loon Lake
931481,Ernesto,150578,Garner
415337,Frankie,87276,Denver
795746,Angelique,61936,Dallas
880808,Marcelino,53688,Benton
224527,Tony,121236,Garden Grove
674436,Lenard,100184,Bahama
492623,Aurora,128566,Santa Fe
589874,Manuela,57746,Loraine
476018,Jean,177228,Chiloquin
228339,Barbra,87718,Harbinger
239118,Deann,59439,Craley
125780,Reba,144698,Kingston
431018,Rickie,157663,Des Moines
452967,Lyman,102546,Fryeburg
407464,Deon,186558,Anton
871827,Israel,88536,Willard
884068,Moises,190560,San Francisco
131361,Jerri,130614,Portland
259652,Bradley,82080,Oak Ridge
430932,Romeo,182789,Hiland
637522,Leopoldo,125341,Old Glory
467568,Andrea,193651,Marland
683539,Charley,170822,Minneapolis
417301,Carolyn,83011,Lugoff
682104,Gracie,125339,Essex Fells
544977,Jerrold,171667,Naples
928962,Joshua,182752,Mobile
248088,Kristy,89291,Nome
599683,Spencer,180288,Des Arc
117980,Ashley,145452,San Acacia
899405,Rocco,45497,Wolfeboro Falls
935067,Sonny,68748,Maxwell
521604,Erich,138832,Seth
848091,Mack,139079,Pleasanton
999219,Vicky,176844,Colebrook
209627,Willa,178032,Gaylord
642586,Reva,101018,Lawton
651163,Ina,62401,Rockdale
425289,Kristi,57227,Swan Lake
314444,Danial,185825,Macungie
956821,Benita,50803,Idlewild
711278,Dwayne,173554,Waurika
125371,Lorrie,42245,Helen
906259,Juliana,115340,Milwaukee
327429,Mac,168548,North Kingstown
272413,Bryce,141453,Las Cruces
645306,Guadalupe,175151,Talmage
180869,Jacob,126821,East Kingston
222563,Jeanette,63519,De Mossville
541221,Jefferson,68295,Mekinock
198476,Dillon,159350,Santa Cruz
664807,Bertie,120043,East Smethport
673745,Hannah,126393,Baltimore
812026,Jon,112059,Appleton
957459,Caitlin,170909,Hester
118109,Doris,176813,Sumner
900863,Barbra,41746,Roanoke
147382,Hung,149006,Beaver
456816,Adele,111047,Porter
437096,Stella,83468,Dallas
159397,Clement,60567,Billings
169739,Rosetta,116175,Morganton
995863,Caleb,178642,Eastport
779374,Dudley,173380,Rockford
587639,Barbara,72749,New Orleans
964222,Alana,73888,Erie
597006,Hazel,42726,Thornton
688836,Erich,129446,Morrison
498361,Elise,159589,Scranton
759183,Mauro,148251,Memphis
186298,Luisa,134990,Wichita
776211,Duane,66599,Washington
337146,Weldon,66293,San Antonio
273427,Ilene,193647,Scandia
329548,Phil,102279,Dayton
955183,Jonas,54302,Hatfield
862947,Benita,154473,Nardin
174542,Rochelle,135242,Pooler
857324,Terra,179095,Youngstown
678498,Buford,159050,Myra
661971,Emanuel,154645,Yazoo City
537235,Cheryl,191484,Monroe
712170,Theodore,40096,Opheim
285184,Ginger,46866,Valmora
994907,Lilian,198733,Neptune Beach
523887,Gilbert,176601,North Star
684722,Waldo,92597,Clayton
792224,Tommie,65809,Alma
199699,George,132568,Vardaman
953997,Graham,123103,Stockdale
149818,Ophelia,89068,Kingsland
352882,Lon,128467,Shawnee Mission
760995,Irvin,148387,Dierks
873626,Sheri,144280,Gallagher
247051,Alberta,179637,Levant
715045,Kerri,74456,College Station
601808,Olin,177331,Carleton
569286,Stefan,176707,Fredericksburg
172440,Cody,84585,Pasadena
568435,Bonnie,72930,Mukwonago
597409,Luke,121949,Freeport
359608,Eva,82734,Turlock
803426,Maritza,66854,Stamford
669618,Phyllis,105069,Meno
